{
    "Linear Regression": {
        "R2 Score": 0.8212082591486992,
        "MAE": 0.047956733620912004,
        "RMSE": 0.06794853476922816
    },
    "Random Forest": {
        "R2 Score": 0.8077287920638714,
        "MAE": 0.04974250000000003,
        "RMSE": 0.07046338410834382
    },
    "Gradient Boosting": {
        "R2 Score": 0.795789416533293,
        "MAE": 0.05005670468697539,
        "RMSE": 0.07261820216060988
    },
    "ANN": {
        "R2 Score": 0.7914707201957637,
        "MAE": 0.06164933380484581,
        "RMSE": 0.0733820586560143
    }
}